User ID,Name,Email,City,Company
1,Leanne Graham,Sincere@april.biz,Gwenborough,Romaguera-Crona
2,Ervin Howell,Shanna@melissa.tv,Wisokyburgh,Deckow-Crist
3,Clementine Bauch,Nathan@yesenia.net,McKenziehaven,Romaguera-Jacobson
4,Patricia Lebsack,Julianne.OConner@kory.org,South Elvis,Robel-Corkery
5,Chelsey Dietrich,Lucio_Hettinger@annie.ca,Roscoeview,Keebler LLC
6,Mrs. Dennis Schulist,Karley_Dach@jasper.info,South Christy,Considine-Lockman
7,Kurtis Weissnat,Telly.Hoeger@billy.biz,Howemouth,Johns Group
8,Nicholas Runolfsdottir V,Sherwood@rosamond.me,Aliyaview,Abernathy Group
9,Glenna Reichert,Chaim_McDermott@dana.io,Bartholomebury,Yost and Sons
10,Clementina Dubuque,Rey.Padberg@karina.biz,Lebsackbury,Hoeger LLC
